{
  "navigationBarTitleText": "获取积分",
  "usingComponents": {
    "uv-form": "/uni_modules/uv-form/components/uv-form/uv-form",
    "uv-form-item": "/uni_modules/uv-form/components/uv-form-item/uv-form-item",
    "uv-input": "/uni_modules/uv-input/components/uv-input/uv-input",
    "uv-icon": "/uni_modules/uv-icon/components/uv-icon/uv-icon",
    "uv-button": "/uni_modules/uv-button/components/uv-button/uv-button",
    "uv-action-sheet": "/uni_modules/uv-action-sheet/components/uv-action-sheet/uv-action-sheet",
    "uv-count-down": "/uni_modules/uv-count-down/components/uv-count-down/uv-count-down",
    "uni-table": "/uni_modules/uni-table/components/uni-table/uni-table",
    "uni-tr": "/uni_modules/uni-table/components/uni-tr/uni-tr",
    "uni-th": "/uni_modules/uni-table/components/uni-th/uni-th",
    "uni-td": "/uni_modules/uni-table/components/uni-td/uni-td"
  }
}