{
  "description": "项目配置文件。",
  "packOptions": {
    "ignore": [],
    "include": []
  },
  "setting": {
    "urlCheck": false,
    "es6": false,
    "postcss": false,
    "minified": false,
    "newFeature": true,
    "bigPackageSizeSupport": true,
    "babelSetting": {
      "ignore": [],
      "disablePlugins": [],
      "outputPath": ""
    }
  },
  "compileType": "miniprogram",
  "libVersion": "3.7.11",
  "appid": "wx60bd93ef2fc612bf",
  "projectname": "学习通都能签",
  "condition": {},
  "editorSetting": {
    "tabIndent": "insertSpaces",
    "tabSize": 2
  }
}