{
  "navigationBarTitleText": "实习管理",
  "usingComponents": {
    "uni-search-bar": "/uni_modules/uni-search-bar/components/uni-search-bar/uni-search-bar",
    "uni-section": "/uni_modules/uni-section/components/uni-section/uni-section",
    "uni-easyinput": "/uni_modules/uni-easyinput/components/uni-easyinput/uni-easyinput",
    "uni-data-select": "/uni_modules/uni-data-select/components/uni-data-select/uni-data-select",
    "uni-datetime-picker": "/uni_modules/uni-datetime-picker/components/uni-datetime-picker/uni-datetime-picker",
    "uv-upload": "/uni_modules/uv-upload/components/uv-upload/uv-upload",
    "uv-switch": "/uni_modules/uv-switch/components/uv-switch/uv-switch",
    "uni-data-checkbox": "/uni_modules/uni-data-checkbox/components/uni-data-checkbox/uni-data-checkbox",
    "uni-list": "/uni_modules/uni-list/components/uni-list/uni-list",
    "uni-list-item": "/uni_modules/uni-list/components/uni-list-item/uni-list-item",
    "uv-input": "/uni_modules/uv-input/components/uv-input/uv-input"
  }
}