{
  "navigationBarTitleText": "",
  "usingComponents": {
    "uni-popup": "/uni_modules/uni-popup/components/uni-popup/uni-popup",
    "uni-section": "/uni_modules/uni-section/components/uni-section/uni-section",
    "uni-data-checkbox": "/uni_modules/uni-data-checkbox/components/uni-data-checkbox/uni-data-checkbox",
    "uni-easyinput": "/uni_modules/uni-easyinput/components/uni-easyinput/uni-easyinput",
    "uni-data-select": "/uni_modules/uni-data-select/components/uni-data-select/uni-data-select",
    "uni-datetime-picker": "/uni_modules/uni-datetime-picker/components/uni-datetime-picker/uni-datetime-picker",
    "uv-upload": "/uni_modules/uv-upload/components/uv-upload/uv-upload",
    "uni-list": "/uni_modules/uni-list/components/uni-list/uni-list",
    "uni-list-item": "/uni_modules/uni-list/components/uni-list-item/uni-list-item"
  }
}