{
  "navigationBarTitleText": "自动签到",
  "enablePullDownRefresh": true,
  "usingComponents": {
    "uv-cell": "/uni_modules/uv-cell/components/uv-cell/uv-cell",
    "uni-popup": "/uni_modules/uni-popup/components/uni-popup/uni-popup",
    "uni-popup-dialog": "/uni_modules/uni-popup/components/uni-popup-dialog/uni-popup-dialog",
    "uni-section": "/uni_modules/uni-section/components/uni-section/uni-section",
    "uni-data-select": "/uni_modules/uni-data-select/components/uni-data-select/uni-data-select"
  }
}